"hour","desc","count"
"00","",698
"00","ADMINISTRATIVE CODE",558
"00","ADMINISTRATIVE CODES",4
"00","AGRICULTURE & MRKTS LAW-UNCLASSIFIED",42
"00","ALCOHOLIC BEVERAGE CONTROL LAW",123
"00","ANTICIPATORY OFFENSES",8
"00","ARSON",1072
"00","ASSAULT 3 & RELATED OFFENSES",34251
"00","BURGLAR'S TOOLS",170
"00","BURGLARY",7302
"00","CHILD ABANDONMENT/NON SUPPORT",19
"00","CRIMINAL MISCHIEF & RELATED OF",47026
"00","CRIMINAL TRESPASS",3913
"00","DANGEROUS DRUGS",21415
"00","DANGEROUS WEAPONS",10405
"00","DISORDERLY CONDUCT",47
"00","ENDAN WELFARE INCOMP",10
"00","ESCAPE 3",8
"00","FELONY ASSAULT",14360
"00","FORGERY",3283
"00","FRAUDS",4357
"00","FRAUDULENT ACCOSTING",67
"00","GAMBLING",150
"00","GRAND LARCENY",32948
"00","GRAND LARCENY OF MOTOR VEHICLE",5430
"00","HARRASSMENT 2",25154
"00","HOMICIDE-NEGLIGENT-VEHICLE",9
"00","HOMICIDE-NEGLIGENT,UNCLASSIFIE",6
"00","INTOXICATED & IMPAIRED DRIVING",9489
"00","INTOXICATED/IMPAIRED DRIVING",7
"00","JOSTLING",7
"00","KIDNAPPING",2
"00","KIDNAPPING & RELATED OFFENSES",100
"00","LOITERING",2
"00","LOITERING/DEVIATE SEX",1
"00","LOITERING/GAMBLING (CARDS, DIC",14
"00","MISCELLANEOUS PENAL LAW",7874
"00","MURDER & NON-NEGL. MANSLAUGHTER",354
"00","NEW YORK CITY HEALTH CODE",2
"00","NYS LAWS-UNCLASSIFIED FELONY",540
"00","NYS LAWS-UNCLASSIFIED VIOLATION",2
"00","OFF. AGNST PUB ORD SENSBLTY &",13763
"00","OFFENSES AGAINST PUBLIC ADMINI",6014
"00","OFFENSES AGAINST PUBLIC SAFETY",79
"00","OFFENSES AGAINST THE PERSON",737
"00","OFFENSES INVOLVING FRAUD",519
"00","OFFENSES RELATED TO CHILDREN",178
"00","OTHER OFFENSES RELATED TO THEF",1022
"00","OTHER STATE LAWS",18
"00","OTHER STATE LAWS (NON PENAL LA",100
"00","OTHER STATE LAWS (NON PENAL LAW)",2
"00","PETIT LARCENY",31271
"00","PETIT LARCENY OF MOTOR VEHICLE",62
"00","POSSESSION OF STOLEN PROPERTY",1425
"00","PROSTITUTION & RELATED OFFENSES",170
"00","RAPE",2689
"00","ROBBERY",12741
"00","SEX CRIMES",8989
"00","THEFT-FRAUD",9090
"00","THEFT OF SERVICES",29
"00","UNAUTHORIZED USE OF A VEHICLE",1266
"00","UNDER THE INFLUENCE OF DRUGS",1
"00","UNLAWFUL POSS. WEAP. ON SCHOOL",1
"00","VEHICLE AND TRAFFIC LAWS",3346
"01","",632
"01","ADMINISTRATIVE CODE",387
"01","AGRICULTURE & MRKTS LAW-UNCLASSIFIED",8
"01","ALCOHOLIC BEVERAGE CONTROL LAW",110
"01","ANTICIPATORY OFFENSES",1
"01","ARSON",1078
"01","ASSAULT 3 & RELATED OFFENSES",32007
"01","BURGLAR'S TOOLS",192
"01","BURGLARY",6242
"01","CHILD ABANDONMENT/NON SUPPORT",11
"01","CRIMINAL MISCHIEF & RELATED OF",27362
"01","CRIMINAL TRESPASS",3454
"01","DANGEROUS DRUGS",17116
"01","DANGEROUS WEAPONS",8833
"01","DISORDERLY CONDUCT",46
"01","ENDAN WELFARE INCOMP",4
"01","ESCAPE 3",9
"01","FELONY ASSAULT",13129
"01","FORGERY",2535
"01","FRAUDS",1235
"01","FRAUDULENT ACCOSTING",68
"01","GAMBLING",135
"01","GRAND LARCENY",14731
"01","GRAND LARCENY OF MOTOR VEHICLE",4586
"01","HARRASSMENT 2",19227
"01","HOMICIDE-NEGLIGENT-VEHICLE",9
"01","HOMICIDE-NEGLIGENT,UNCLASSIFIE",8
"01","INTOXICATED & IMPAIRED DRIVING",11922
"01","INTOXICATED/IMPAIRED DRIVING",8
"01","JOSTLING",19
"01","KIDNAPPING & RELATED OFFENSES",72
"01","LOITERING",2
"01","LOITERING/DEVIATE SEX",1
"01","LOITERING/GAMBLING (CARDS, DIC",15
"01","MISCELLANEOUS PENAL LAW",6441
"01","MURDER & NON-NEGL. MANSLAUGHTER",317
"01","NEW YORK CITY HEALTH CODE",3
"01","NYS LAWS-UNCLASSIFIED FELONY",275
"01","NYS LAWS-UNCLASSIFIED VIOLATION",2
"01","OFF. AGNST PUB ORD SENSBLTY &",8714
"01","OFFENSES AGAINST MARRIAGE UNCL",1
"01","OFFENSES AGAINST PUBLIC ADMINI",5411
"01","OFFENSES AGAINST PUBLIC SAFETY",46
"01","OFFENSES AGAINST THE PERSON",734
"01","OFFENSES INVOLVING FRAUD",355
"01","OFFENSES RELATED TO CHILDREN",80
"01","OTHER OFFENSES RELATED TO THEF",987
"01","OTHER STATE LAWS",18
"01","OTHER STATE LAWS (NON PENAL LA",75
"01","OTHER STATE LAWS (NON PENAL LAW)",1
"01","OTHER TRAFFIC INFRACTION",2
"01","PETIT LARCENY",22775
"01","PETIT LARCENY OF MOTOR VEHICLE",45
"01","POSSESSION OF STOLEN PROPERTY",1305
"01","PROSTITUTION & RELATED OFFENSES",96
"01","RAPE",977
"01","ROBBERY",12324
"01","SEX CRIMES",2443
"01","THEFT-FRAUD",694
"01","THEFT OF SERVICES",13
"01","UNAUTHORIZED USE OF A VEHICLE",987
"01","UNLAWFUL POSS. WEAP. ON SCHOOL",1
"01","VEHICLE AND TRAFFIC LAWS",2745
"02","",536
"02","ADMINISTRATIVE CODE",205
"02","ADMINISTRATIVE CODES",1
"02","AGRICULTURE & MRKTS LAW-UNCLASSIFIED",7
"02","ALCOHOLIC BEVERAGE CONTROL LAW",72
"02","ANTICIPATORY OFFENSES",4
"02","ARSON",1065
"02","ASSAULT 3 & RELATED OFFENSES",28304
"02","BURGLAR'S TOOLS",193
"02","BURGLARY",6012
"02","CHILD ABANDONMENT/NON SUPPORT",8
"02","CRIMINAL MISCHIEF & RELATED OF",21707
"02","CRIMINAL TRESPASS",2087
"02","DANGEROUS DRUGS",9702
"02","DANGEROUS WEAPONS",5564
"02","DISORDERLY CONDUCT",34
"02","ENDAN WELFARE INCOMP",3
"02","ESCAPE 3",9
"02","FELONY ASSAULT",12358
"02","FORGERY",1754
"02","FRAUDS",846
"02","FRAUDULENT ACCOSTING",56
"02","GAMBLING",56
"02","GRAND LARCENY",12448
"02","GRAND LARCENY OF MOTOR VEHICLE",3429
"02","HARRASSMENT 2",14659
"02","HOMICIDE-NEGLIGENT-VEHICLE",5
"02","HOMICIDE-NEGLIGENT,UNCLASSIFIE",4
"02","INTOXICATED & IMPAIRED DRIVING",12253
"02","INTOXICATED/IMPAIRED DRIVING",8
"02","JOSTLING",32
"02","KIDNAPPING & RELATED OFFENSES",60
"02","LOITERING/DEVIATE SEX",1
"02","LOITERING/GAMBLING (CARDS, DIC",11
"02","MISCELLANEOUS PENAL LAW",5000
"02","MURDER & NON-NEGL. MANSLAUGHTER",321
"02","NEW YORK CITY HEALTH CODE",4
"02","NYS LAWS-UNCLASSIFIED FELONY",203
"02","NYS LAWS-UNCLASSIFIED VIOLATION",1
"02","OFF. AGNST PUB ORD SENSBLTY &",6429
"02","OFFENSES AGAINST PUBLIC ADMINI",4261
"02","OFFENSES AGAINST PUBLIC SAFETY",34
"02","OFFENSES AGAINST THE PERSON",585
"02","OFFENSES INVOLVING FRAUD",214
"02","OFFENSES RELATED TO CHILDREN",27
"02","OTHER OFFENSES RELATED TO THEF",893
"02","OTHER STATE LAWS",6
"02","OTHER STATE LAWS (NON PENAL LA",33
"02","OTHER STATE LAWS (NON PENAL LAW)",1
"02","PETIT LARCENY",18664
"02","PETIT LARCENY OF MOTOR VEHICLE",36
"02","POSSESSION OF STOLEN PROPERTY",1038
"02","PROSTITUTION & RELATED OFFENSES",84
"02","RAPE",1018
"02","ROBBERY",11085
"02","SEX CRIMES",1968
"02","THEFT-FRAUD",326
"02","THEFT OF SERVICES",10
"02","UNAUTHORIZED USE OF A VEHICLE",838
"02","VEHICLE AND TRAFFIC LAWS",2026
"03","",457
"03","ADMINISTRATIVE CODE",166
"03","ADMINISTRATIVE CODES",1
"03","AGRICULTURE & MRKTS LAW-UNCLASSIFIED",13
"03","ALCOHOLIC BEVERAGE CONTROL LAW",31
"03","ARSON",976
"03","ASSAULT 3 & RELATED OFFENSES",25894
"03","BURGLAR'S TOOLS",172
"03","BURGLARY",5706
"03","CHILD ABANDONMENT/NON SUPPORT",12
"03","CRIMINAL MISCHIEF & RELATED OF",17071
"03","CRIMINAL TRESPASS",1523
"03","DANGEROUS DRUGS",6009
"03","DANGEROUS WEAPONS",3872
"03","DISORDERLY CONDUCT",25
"03","ENDAN WELFARE INCOMP",3
"03","ESCAPE 3",2
"03","FELONY ASSAULT",11899
"03","FORGERY",1212
"03","FRAUDS",542
"03","FRAUDULENT ACCOSTING",55
"03","GAMBLING",26
"03","GRAND LARCENY",10491
"03","GRAND LARCENY OF MOTOR VEHICLE",2588
"03","HARRASSMENT 2",11484
"03","HOMICIDE-NEGLIGENT-VEHICLE",10
"03","HOMICIDE-NEGLIGENT,UNCLASSIFIE",2
"03","INTOXICATED & IMPAIRED DRIVING",12664
"03","INTOXICATED/IMPAIRED DRIVING",11
"03","JOSTLING",47
"03","KIDNAPPING & RELATED OFFENSES",50
"03","LOITERING/DEVIATE SEX",4
"03","LOITERING/GAMBLING (CARDS, DIC",8
"03","MISCELLANEOUS PENAL LAW",3887
"03","MURDER & NON-NEGL. MANSLAUGHTER",292
"03","NEW YORK CITY HEALTH CODE",2
"03","NYS LAWS-UNCLASSIFIED FELONY",189
"03","NYS LAWS-UNCLASSIFIED VIOLATION",1
"03","OFF. AGNST PUB ORD SENSBLTY &",4766
"03","OFFENSES AGAINST PUBLIC ADMINI",3393
"03","OFFENSES AGAINST PUBLIC SAFETY",14
"03","OFFENSES AGAINST THE PERSON",435
"03","OFFENSES INVOLVING FRAUD",137
"03","OFFENSES RELATED TO CHILDREN",15
"03","OTHER OFFENSES RELATED TO THEF",811
"03","OTHER STATE LAWS",5
"03","OTHER STATE LAWS (NON PENAL LA",30
"03","OTHER STATE LAWS (NON PENAL LAW)",2
"03","PETIT LARCENY",14724
"03","PETIT LARCENY OF MOTOR VEHICLE",19
"03","POSSESSION OF STOLEN PROPERTY",814
"03","PROSTITUTION & RELATED OFFENSES",48
"03","RAPE",934
"03","ROBBERY",10522
"03","SEX CRIMES",1852
"03","THEFT-FRAUD",297
"03","THEFT OF SERVICES",4
"03","UNAUTHORIZED USE OF A VEHICLE",670
"03","VEHICLE AND TRAFFIC LAWS",1760
"04","",412
"04","ADMINISTRATIVE CODE",148
"04","ADMINISTRATIVE CODES",2
"04","AGRICULTURE & MRKTS LAW-UNCLASSIFIED",2
"04","ALCOHOLIC BEVERAGE CONTROL LAW",54
"04","ARSON",874
"04","ASSAULT 3 & RELATED OFFENSES",24172
"04","BURGLAR'S TOOLS",102
"04","BURGLARY",5588
"04","CHILD ABANDONMENT/NON SUPPORT",6
"04","CRIMINAL MISCHIEF & RELATED OF",14830
"04","CRIMINAL TRESPASS",1135
"04","DANGEROUS DRUGS",3555
"04","DANGEROUS WEAPONS",2802
"04","DISORDERLY CONDUCT",33
"04","DISRUPTION OF A RELIGIOUS SERV",1
"04","ENDAN WELFARE INCOMP",3
"04","ESCAPE 3",6
"04","FELONY ASSAULT",10956
"04","FORGERY",1000
"04","FRAUDS",355
"04","FRAUDULENT ACCOSTING",60
"04","GAMBLING",15
"04","GRAND LARCENY",7898
"04","GRAND LARCENY OF MOTOR VEHICLE",2280
"04","HARRASSMENT 2",9795
"04","HOMICIDE-NEGLIGENT-VEHICLE",11
"04","HOMICIDE-NEGLIGENT,UNCLASSIFIE",6
"04","INTOXICATED & IMPAIRED DRIVING",12980
"04","INTOXICATED/IMPAIRED DRIVING",4
"04","JOSTLING",39
"04","KIDNAPPING & RELATED OFFENSES",51
"04","LOITERING/DEVIATE SEX",6
"04","LOITERING/GAMBLING (CARDS, DIC",2
"04","MISCELLANEOUS PENAL LAW",3191
"04","MURDER & NON-NEGL. MANSLAUGHTER",322
"04","NYS LAWS-UNCLASSIFIED FELONY",128
"04","NYS LAWS-UNCLASSIFIED VIOLATION",2
"04","OFF. AGNST PUB ORD SENSBLTY &",3841
"04","OFFENSES AGAINST PUBLIC ADMINI",2875
"04","OFFENSES AGAINST PUBLIC SAFETY",12
"04","OFFENSES AGAINST THE PERSON",371
"04","OFFENSES INVOLVING FRAUD",62
"04","OFFENSES RELATED TO CHILDREN",1
"04","OTHER OFFENSES RELATED TO THEF",728
"04","OTHER STATE LAWS",4
"04","OTHER STATE LAWS (NON PENAL LA",24
"04","PETIT LARCENY",11796
"04","PETIT LARCENY OF MOTOR VEHICLE",18
"04","POSSESSION OF STOLEN PROPERTY",585
"04","PROSTITUTION & RELATED OFFENSES",32
"04","RAPE",869
"04","ROBBERY",10374
"04","SEX CRIMES",1574
"04","THEFT-FRAUD",292
"04","THEFT OF SERVICES",7
"04","UNAUTHORIZED USE OF A VEHICLE",522
"04","VEHICLE AND TRAFFIC LAWS",2115
"05","",346
"05","ADMINISTRATIVE CODE",161
"05","AGRICULTURE & MRKTS LAW-UNCLASSIFIED",4
"05","ALCOHOLIC BEVERAGE CONTROL LAW",31
"05","ARSON",677
"05","ASSAULT 3 & RELATED OFFENSES",14756
"05","BURGLAR'S TOOLS",72
"05","BURGLARY",4969
"05","CHILD ABANDONMENT/NON SUPPORT",7
"05","CRIMINAL MISCHIEF & RELATED OF",11561
"05","CRIMINAL TRESPASS",935
"05","DANGEROUS DRUGS",2218
"05","DANGEROUS WEAPONS",1666
"05","DISORDERLY CONDUCT",10
"05","DISRUPTION OF A RELIGIOUS SERV",1
"05","ENDAN WELFARE INCOMP",3
"05","ESCAPE 3",5
"05","FELONY ASSAULT",6173
"05","FORGERY",516
"05","FRAUDS",270
"05","FRAUDULENT ACCOSTING",16
"05","GAMBLING",10
"05","GRAND LARCENY",5629
"05","GRAND LARCENY OF MOTOR VEHICLE",2103
"05","HARRASSMENT 2",8749
"05","HOMICIDE-NEGLIGENT-VEHICLE",7
"05","HOMICIDE-NEGLIGENT,UNCLASSIFIE",11
"05","INTOXICATED & IMPAIRED DRIVING",5914
"05","JOSTLING",17
"05","KIDNAPPING & RELATED OFFENSES",41
"05","LOITERING/GAMBLING (CARDS, DIC",4
"05","MISCELLANEOUS PENAL LAW",2424
"05","MURDER & NON-NEGL. MANSLAUGHTER",219
"05","NEW YORK CITY HEALTH CODE",1
"05","NYS LAWS-UNCLASSIFIED FELONY",67
"05","NYS LAWS-UNCLASSIFIED VIOLATION",1
"05","OFF. AGNST PUB ORD SENSBLTY &",3581
"05","OFFENSES AGAINST PUBLIC ADMINI",1767
"05","OFFENSES AGAINST PUBLIC SAFETY",4
"05","OFFENSES AGAINST THE PERSON",223
"05","OFFENSES INVOLVING FRAUD",51
"05","OFFENSES RELATED TO CHILDREN",5
"05","OTHER OFFENSES RELATED TO THEF",481
"05","OTHER STATE LAWS",1
"05","OTHER STATE LAWS (NON PENAL LA",31
"05","PETIT LARCENY",10730
"05","PETIT LARCENY OF MOTOR VEHICLE",18
"05","POSSESSION OF STOLEN PROPERTY",342
"05","PROSTITUTION & RELATED OFFENSES",18
"05","RAPE",588
"05","ROBBERY",7094
"05","SEX CRIMES",1137
"05","THEFT-FRAUD",239
"05","THEFT OF SERVICES",28
"05","UNAUTHORIZED USE OF A VEHICLE",370
"05","VEHICLE AND TRAFFIC LAWS",1633
"06","",335
"06","ADMINISTRATIVE CODE",316
"06","AGRICULTURE & MRKTS LAW-UNCLASSIFIED",16
"06","ALCOHOLIC BEVERAGE CONTROL LAW",6
"06","ANTICIPATORY OFFENSES",2
"06","ARSON",434
"06","ASSAULT 3 & RELATED OFFENSES",11688
"06","BURGLAR'S TOOLS",44
"06","BURGLARY",6040
"06","CHILD ABANDONMENT/NON SUPPORT",8
"06","CRIMINAL MISCHIEF & RELATED OF",11956
"06","CRIMINAL TRESPASS",890
"06","DANGEROUS DRUGS",4800
"06","DANGEROUS WEAPONS",3325
"06","DISORDERLY CONDUCT",7
"06","ENDAN WELFARE INCOMP",4
"06","ESCAPE 3",3
"06","FELONY ASSAULT",4945
"06","FORGERY",654
"06","FRAUDS",300
"06","FRAUDULENT ACCOSTING",10
"06","GAMBLING",3
"06","GRAND LARCENY",5965
"06","GRAND LARCENY OF MOTOR VEHICLE",2493
"06","HARRASSMENT 2",11242
"06","HOMICIDE-NEGLIGENT-VEHICLE",5
"06","HOMICIDE-NEGLIGENT,UNCLASSIFIE",4
"06","INTOXICATED & IMPAIRED DRIVING",2357
"06","INTOXICATED/IMPAIRED DRIVING",1
"06","JOSTLING",5
"06","KIDNAPPING",1
"06","KIDNAPPING & RELATED OFFENSES",49
"06","LOITERING/GAMBLING (CARDS, DIC",3
"06","MISCELLANEOUS PENAL LAW",2749
"06","MURDER & NON-NEGL. MANSLAUGHTER",114
"06","NYS LAWS-UNCLASSIFIED FELONY",90
"06","OFF. AGNST PUB ORD SENSBLTY &",5104
"06","OFFENSES AGAINST PUBLIC ADMINI",1647
"06","OFFENSES AGAINST PUBLIC SAFETY",6
"06","OFFENSES AGAINST THE PERSON",191
"06","OFFENSES INVOLVING FRAUD",52
"06","OFFENSES RELATED TO CHILDREN",6
"06","OTHER OFFENSES RELATED TO THEF",285
"06","OTHER STATE LAWS",8
"06","OTHER STATE LAWS (NON PENAL LA",36
"06","OTHER TRAFFIC INFRACTION",1
"06","PETIT LARCENY",13451
"06","PETIT LARCENY OF MOTOR VEHICLE",23
"06","POSSESSION OF STOLEN PROPERTY",363
"06","PROSTITUTION & RELATED OFFENSES",11
"06","RAPE",440
"06","ROBBERY",4595
"06","SEX CRIMES",1190
"06","THEFT-FRAUD",412
"06","THEFT OF SERVICES",101
"06","UNAUTHORIZED USE OF A VEHICLE",354
"06","VEHICLE AND TRAFFIC LAWS",1825
"07","",512
"07","ADMINISTRATIVE CODE",446
"07","AGRICULTURE & MRKTS LAW-UNCLASSIFIED",18
"07","ALCOHOLIC BEVERAGE CONTROL LAW",3
"07","ANTICIPATORY OFFENSES",4
"07","ARSON",378
"07","ASSAULT 3 & RELATED OFFENSES",14937
"07","BURGLAR'S TOOLS",32
"07","BURGLARY",11151
"07","CHILD ABANDONMENT/NON SUPPORT",12
"07","CRIMINAL MISCHIEF & RELATED OF",17187
"07","CRIMINAL TRESPASS",1098
"07","DANGEROUS DRUGS",2919
"07","DANGEROUS WEAPONS",1634
"07","DISORDERLY CONDUCT",9
"07","DISRUPTION OF A RELIGIOUS SERV",1
"07","ENDAN WELFARE INCOMP",9
"07","ESCAPE 3",7
"07","FELONY ASSAULT",5297
"07","FORGERY",765
"07","FRAUDS",583
"07","FRAUDULENT ACCOSTING",16
"07","GAMBLING",2
"07","GRAND LARCENY",10593
"07","GRAND LARCENY OF MOTOR VEHICLE",3090
"07","HARRASSMENT 2",22573
"07","HOMICIDE-NEGLIGENT-VEHICLE",1
"07","HOMICIDE-NEGLIGENT,UNCLASSIFIE",3
"07","INTOXICATED & IMPAIRED DRIVING",1003
"07","INTOXICATED/IMPAIRED DRIVING",1
"07","JOSTLING",4
"07","KIDNAPPING",4
"07","KIDNAPPING & RELATED OFFENSES",89
"07","LOITERING",1
"07","LOITERING/GAMBLING (CARDS, DIC",1
"07","MISCELLANEOUS PENAL LAW",3523
"07","MURDER & NON-NEGL. MANSLAUGHTER",100
"07","NEW YORK CITY HEALTH CODE",1
"07","NYS LAWS-UNCLASSIFIED FELONY",123
"07","NYS LAWS-UNCLASSIFIED VIOLATION",1
"07","OFF. AGNST PUB ORD SENSBLTY &",8916
"07","OFFENSES AGAINST PUBLIC ADMINI",2459
"07","OFFENSES AGAINST PUBLIC SAFETY",4
"07","OFFENSES AGAINST THE PERSON",228
"07","OFFENSES INVOLVING FRAUD",76
"07","OFFENSES RELATED TO CHILDREN",11
"07","OTHER OFFENSES RELATED TO THEF",283
"07","OTHER STATE LAWS",6
"07","OTHER STATE LAWS (NON PENAL LA",54
"07","PETIT LARCENY",21879
"07","PETIT LARCENY OF MOTOR VEHICLE",35
"07","POSSESSION OF STOLEN PROPERTY",360
"07","PROSTITUTION & RELATED OFFENSES",6
"07","RAPE",384
"07","ROBBERY",4158
"07","SEX CRIMES",2159
"07","THEFT-FRAUD",1227
"07","THEFT OF SERVICES",94
"07","UNAUTHORIZED USE OF A VEHICLE",449
"07","UNLAWFUL POSS. WEAP. ON SCHOOL",1
"07","VEHICLE AND TRAFFIC LAWS",2507
"08","",719
"08","ABORTION",1
"08","ADMINISTRATIVE CODE",778
"08","AGRICULTURE & MRKTS LAW-UNCLASSIFIED",36
"08","ALCOHOLIC BEVERAGE CONTROL LAW",4
"08","ANTICIPATORY OFFENSES",1
"08","ARSON",377
"08","ASSAULT 3 & RELATED OFFENSES",20604
"08","BURGLAR'S TOOLS",46
"08","BURGLARY",15776
"08","CHILD ABANDONMENT/NON SUPPORT",11
"08","CRIMINAL MISCHIEF & RELATED OF",24101
"08","CRIMINAL TRESPASS",2120
"08","DANGEROUS DRUGS",4321
"08","DANGEROUS WEAPONS",2198
"08","DISORDERLY CONDUCT",16
"08","DISRUPTION OF A RELIGIOUS SERV",2
"08","ENDAN WELFARE INCOMP",20
"08","ESCAPE 3",7
"08","FELONY ASSAULT",6823
"08","FORGERY",1518
"08","FORTUNE TELLING",1
"08","FRAUDS",1931
"08","FRAUDULENT ACCOSTING",43
"08","GAMBLING",9
"08","GRAND LARCENY",23509
"08","GRAND LARCENY OF MOTOR VEHICLE",4001
"08","HARRASSMENT 2",36825
"08","HOMICIDE-NEGLIGENT-VEHICLE",1
"08","HOMICIDE-NEGLIGENT,UNCLASSIFIE",8
"08","INTOXICATED & IMPAIRED DRIVING",739
"08","JOSTLING",9
"08","KIDNAPPING",2
"08","KIDNAPPING & RELATED OFFENSES",132
"08","KIDNAPPING AND RELATED OFFENSES",1
"08","LOITERING/GAMBLING (CARDS, DIC",2
"08","MISCELLANEOUS PENAL LAW",5398
"08","MURDER & NON-NEGL. MANSLAUGHTER",116
"08","NEW YORK CITY HEALTH CODE",1
"08","NYS LAWS-UNCLASSIFIED FELONY",179
"08","NYS LAWS-UNCLASSIFIED VIOLATION",6
"08","OFF. AGNST PUB ORD SENSBLTY &",16102
"08","OFFENSES AGAINST PUBLIC ADMINI",3891
"08","OFFENSES AGAINST PUBLIC SAFETY",15
"08","OFFENSES AGAINST THE PERSON",339
"08","OFFENSES INVOLVING FRAUD",214
"08","OFFENSES RELATED TO CHILDREN",2
"08","OTHER OFFENSES RELATED TO THEF",337
"08","OTHER STATE LAWS",5
"08","OTHER STATE LAWS (NON PENAL LA",103
"08","PETIT LARCENY",36968
"08","PETIT LARCENY OF MOTOR VEHICLE",41
"08","POSSESSION OF STOLEN PROPERTY",689
"08","PROSTITUTION & RELATED OFFENSES",8
"08","RAPE",673
"08","ROBBERY",5410
"08","SEX CRIMES",4529
"08","THEFT-FRAUD",4991
"08","THEFT OF SERVICES",134
"08","UNAUTHORIZED USE OF A VEHICLE",750
"08","UNLAWFUL POSS. WEAP. ON SCHOOL",15
"08","VEHICLE AND TRAFFIC LAWS",3557
"09","",763
"09","ADMINISTRATIVE CODE",824
"09","AGRICULTURE & MRKTS LAW-UNCLASSIFIED",33
"09","ALCOHOLIC BEVERAGE CONTROL LAW",1
"09","ANTICIPATORY OFFENSES",5
"09","ARSON",389
"09","ASSAULT 3 & RELATED OFFENSES",20917
"09","BURGLAR'S TOOLS",78
"09","BURGLARY",13852
"09","CHILD ABANDONMENT/NON SUPPORT",21
"09","CRIMINAL MISCHIEF & RELATED OF",22020
"09","CRIMINAL TRESPASS",2667
"09","DANGEROUS DRUGS",6240
"09","DANGEROUS WEAPONS",2558
"09","DISORDERLY CONDUCT",20
"09","DISRUPTION OF A RELIGIOUS SERV",3
"09","ENDAN WELFARE INCOMP",8
"09","ESCAPE 3",4
"09","FELONY ASSAULT",6976
"09","FORGERY",2450
"09","FRAUDS",2881
"09","FRAUDULENT ACCOSTING",60
"09","GAMBLING",14
"09","GRAND LARCENY",31361
"09","GRAND LARCENY OF MOTOR VEHICLE",3541
"09","HARRASSMENT 2",38405
"09","HOMICIDE-NEGLIGENT-VEHICLE",1
"09","HOMICIDE-NEGLIGENT,UNCLASSIFIE",2
"09","INTOXICATED & IMPAIRED DRIVING",467
"09","INTOXICATED/IMPAIRED DRIVING",1
"09","JOSTLING",15
"09","KIDNAPPING & RELATED OFFENSES",97
"09","LOITERING",2
"09","LOITERING FOR DRUG PURPOSES",1
"09","LOITERING/GAMBLING (CARDS, DIC",2
"09","MISCELLANEOUS PENAL LAW",6044
"09","MURDER & NON-NEGL. MANSLAUGHTER",98
"09","NEW YORK CITY HEALTH CODE",3
"09","NYS LAWS-UNCLASSIFIED FELONY",272
"09","NYS LAWS-UNCLASSIFIED VIOLATION",1
"09","OFF. AGNST PUB ORD SENSBLTY &",19468
"09","OFFENSES AGAINST PUBLIC ADMINI",4514
"09","OFFENSES AGAINST PUBLIC SAFETY",14
"09","OFFENSES AGAINST THE PERSON",384
"09","OFFENSES INVOLVING FRAUD",331
"09","OFFENSES RELATED TO CHILDREN",8
"09","OTHER OFFENSES RELATED TO THEF",399
"09","OTHER STATE LAWS",11
"09","OTHER STATE LAWS (NON PENAL LA",186
"09","OTHER TRAFFIC INFRACTION",1
"09","PETIT LARCENY",43825
"09","PETIT LARCENY OF MOTOR VEHICLE",48
"09","POSSESSION OF STOLEN PROPERTY",911
"09","PROSTITUTION & RELATED OFFENSES",8
"09","RAPE",477
"09","ROBBERY",5193
"09","SEX CRIMES",3246
"09","THEFT-FRAUD",7316
"09","THEFT OF SERVICES",161
"09","UNAUTHORIZED USE OF A VEHICLE",849
"09","UNDER THE INFLUENCE OF DRUGS",1
"09","UNLAWFUL POSS. WEAP. ON SCHOOL",7
"09","VEHICLE AND TRAFFIC LAWS",3188
"10","",765
"10","ADMINISTRATIVE CODE",782
"10","AGRICULTURE & MRKTS LAW-UNCLASSIFIED",37
"10","ALCOHOLIC BEVERAGE CONTROL LAW",1
"10","ANTICIPATORY OFFENSES",4
"10","ARSON",379
"10","ASSAULT 3 & RELATED OFFENSES",22695
"10","BURGLAR'S TOOLS",112
"10","BURGLARY",12409
"10","CHILD ABANDONMENT/NON SUPPORT",25
"10","CRIMINAL MISCHIEF & RELATED OF",24616
"10","CRIMINAL TRESPASS",2842
"10","DANGEROUS DRUGS",7706
"10","DANGEROUS WEAPONS",2881
"10","DISORDERLY CONDUCT",23
"10","ENDAN WELFARE INCOMP",14
"10","ESCAPE 3",5
"10","FELONY ASSAULT",7740
"10","FORGERY",2445
"10","FRAUDS",2367
"10","FRAUDULENT ACCOSTING",95
"10","GAMBLING",23
"10","GRAND LARCENY",26915
"10","GRAND LARCENY OF MOTOR VEHICLE",3715
"10","HARRASSMENT 2",42236
"10","HOMICIDE-NEGLIGENT-VEHICLE",3
"10","HOMICIDE-NEGLIGENT,UNCLASSIFIE",2
"10","INTOXICATED & IMPAIRED DRIVING",356
"10","JOSTLING",6
"10","KIDNAPPING & RELATED OFFENSES",126
"10","MISCELLANEOUS PENAL LAW",6515
"10","MURDER & NON-NEGL. MANSLAUGHTER",121
"10","NEW YORK CITY HEALTH CODE",3
"10","NYS LAWS-UNCLASSIFIED FELONY",215
"10","NYS LAWS-UNCLASSIFIED VIOLATION",3
"10","OFF. AGNST PUB ORD SENSBLTY &",20537
"10","OFFENSES AGAINST PUBLIC ADMINI",5209
"10","OFFENSES AGAINST PUBLIC SAFETY",14
"10","OFFENSES AGAINST THE PERSON",475
"10","OFFENSES INVOLVING FRAUD",480
"10","OFFENSES RELATED TO CHILDREN",9
"10","OTHER OFFENSES RELATED TO THEF",380
"10","OTHER STATE LAWS",9
"10","OTHER STATE LAWS (NON PENAL LA",203
"10","PETIT LARCENY",50198
"10","PETIT LARCENY OF MOTOR VEHICLE",36
"10","POSSESSION OF STOLEN PROPERTY",1216
"10","PROSTITUTION & RELATED OFFENSES",15
"10","RAPE",445
"10","ROBBERY",5762
"10","SEX CRIMES",2659
"10","THEFT-FRAUD",5000
"10","THEFT OF SERVICES",291
"10","UNAUTHORIZED USE OF A VEHICLE",828
"10","UNLAWFUL POSS. WEAP. ON SCHOOL",15
"10","VEHICLE AND TRAFFIC LAWS",2940
"11","",887
"11","ADMINISTRATIVE CODE",681
"11","AGRICULTURE & MRKTS LAW-UNCLASSIFIED",27
"11","ALCOHOLIC BEVERAGE CONTROL LAW",6
"11","ANTICIPATORY OFFENSES",5
"11","ARSON",400
"11","ASSAULT 3 & RELATED OFFENSES",24990
"11","BURGLAR'S TOOLS",174
"11","BURGLARY",11589
"11","CHILD ABANDONMENT/NON SUPPORT",15
"11","CRIMINAL MISCHIEF & RELATED OF",21767
"11","CRIMINAL TRESPASS",3113
"11","DANGEROUS DRUGS",11204
"11","DANGEROUS WEAPONS",3740
"11","DISORDERLY CONDUCT",39
"11","DISRUPTION OF A RELIGIOUS SERV",8
"11","ENDAN WELFARE INCOMP",10
"11","ESCAPE 3",5
"11","FELONY ASSAULT",8206
"11","FORGERY",3108
"11","FRAUDS",1776
"11","FRAUDULENT ACCOSTING",190
"11","GAMBLING",70
"11","GRAND LARCENY",25282
"11","GRAND LARCENY OF MOTOR VEHICLE",3408
"11","HARRASSMENT 2",43979
"11","HOMICIDE-NEGLIGENT-VEHICLE",3
"11","HOMICIDE-NEGLIGENT,UNCLASSIFIE",4
"11","INTOXICATED & IMPAIRED DRIVING",347
"11","INTOXICATED/IMPAIRED DRIVING",1
"11","JOSTLING",9
"11","KIDNAPPING",1
"11","KIDNAPPING & RELATED OFFENSES",93
"11","LOITERING/GAMBLING (CARDS, DIC",1
"11","MISCELLANEOUS PENAL LAW",6970
"11","MURDER & NON-NEGL. MANSLAUGHTER",124
"11","NEW YORK CITY HEALTH CODE",3
"11","NYS LAWS-UNCLASSIFIED FELONY",216
"11","NYS LAWS-UNCLASSIFIED VIOLATION",2
"11","OFF. AGNST PUB ORD SENSBLTY &",19017
"11","OFFENSES AGAINST PUBLIC ADMINI",5403
"11","OFFENSES AGAINST PUBLIC SAFETY",20
"11","OFFENSES AGAINST THE PERSON",541
"11","OFFENSES INVOLVING FRAUD",942
"11","OFFENSES RELATED TO CHILDREN",29
"11","OTHER OFFENSES RELATED TO THEF",391
"11","OTHER STATE LAWS",7
"11","OTHER STATE LAWS (NON PENAL LA",330
"11","OTHER STATE LAWS (NON PENAL LAW)",2
"11","PETIT LARCENY",53604
"11","PETIT LARCENY OF MOTOR VEHICLE",33
"11","POSSESSION OF STOLEN PROPERTY",1647
"11","PROSTITUTION & RELATED OFFENSES",14
"11","RAPE",431
"11","ROBBERY",6618
"11","SEX CRIMES",2707
"11","THEFT-FRAUD",3181
"11","THEFT OF SERVICES",340
"11","UNAUTHORIZED USE OF A VEHICLE",716
"11","UNLAWFUL POSS. WEAP. ON SCHOOL",8
"11","VEHICLE AND TRAFFIC LAWS",3014
"12","",1008
"12","ABORTION",1
"12","ADMINISTRATIVE CODE",1055
"12","AGRICULTURE & MRKTS LAW-UNCLASSIFIED",50
"12","ALCOHOLIC BEVERAGE CONTROL LAW",14
"12","ANTICIPATORY OFFENSES",8
"12","ARSON",466
"12","ASSAULT 3 & RELATED OFFENSES",27657
"12","BURGLAR'S TOOLS",186
"12","BURGLARY",13439
"12","CHILD ABANDONMENT/NON SUPPORT",14
"12","CRIMINAL MISCHIEF & RELATED OF",29788
"12","CRIMINAL TRESPASS",3620
"12","DANGEROUS DRUGS",15898
"12","DANGEROUS WEAPONS",4923
"12","DISORDERLY CONDUCT",43
"12","DISRUPTION OF A RELIGIOUS SERV",7
"12","ENDAN WELFARE INCOMP",16
"12","ESCAPE 3",7
"12","FELONY ASSAULT",9104
"12","FORGERY",4319
"12","FRAUDS",4878
"12","FRAUDULENT ACCOSTING",235
"12","GAMBLING",105
"12","GRAND LARCENY",49428
"12","GRAND LARCENY OF MOTOR VEHICLE",4360
"12","HARRASSMENT 2",51537
"12","HOMICIDE-NEGLIGENT-VEHICLE",1
"12","HOMICIDE-NEGLIGENT,UNCLASSIFIE",5
"12","INTOXICATED & IMPAIRED DRIVING",320
"12","JOSTLING",15
"12","KIDNAPPING",2
"12","KIDNAPPING & RELATED OFFENSES",154
"12","KIDNAPPING AND RELATED OFFENSES",1
"12","LOITERING FOR DRUG PURPOSES",2
"12","LOITERING/GAMBLING (CARDS, DIC",4
"12","MISCELLANEOUS PENAL LAW",8449
"12","MURDER & NON-NEGL. MANSLAUGHTER",176
"12","NEW YORK CITY HEALTH CODE",4
"12","NYS LAWS-UNCLASSIFIED FELONY",216
"12","NYS LAWS-UNCLASSIFIED VIOLATION",6
"12","OFF. AGNST PUB ORD SENSBLTY &",28249
"12","OFFENSES AGAINST MARRIAGE UNCL",1
"12","OFFENSES AGAINST PUBLIC ADMINI",6255
"12","OFFENSES AGAINST PUBLIC SAFETY",32
"12","OFFENSES AGAINST THE PERSON",676
"12","OFFENSES INVOLVING FRAUD",1876
"12","OFFENSES RELATED TO CHILDREN",53
"12","OTHER OFFENSES RELATED TO THEF",572
"12","OTHER STATE LAWS",11
"12","OTHER STATE LAWS (NON PENAL LA",460
"12","OTHER STATE LAWS (NON PENAL LAW)",1
"12","PETIT LARCENY",74983
"12","PETIT LARCENY OF MOTOR VEHICLE",44
"12","POSSESSION OF STOLEN PROPERTY",2251
"12","PROSTITUTION & RELATED OFFENSES",28
"12","RAPE",1038
"12","ROBBERY",7740
"12","SEX CRIMES",4383
"12","THEFT-FRAUD",11727
"12","THEFT OF SERVICES",384
"12","UNAUTHORIZED USE OF A VEHICLE",1412
"12","UNLAWFUL POSS. WEAP. ON SCHOOL",6
"12","VEHICLE AND TRAFFIC LAWS",3501
"13","",1032
"13","ADMINISTRATIVE CODE",693
"13","AGRICULTURE & MRKTS LAW-UNCLASSIFIED",41
"13","ALCOHOLIC BEVERAGE CONTROL LAW",15
"13","ANTICIPATORY OFFENSES",7
"13","ARSON",489
"13","ASSAULT 3 & RELATED OFFENSES",27975
"13","BURGLAR'S TOOLS",212
"13","BURGLARY",11024
"13","CHILD ABANDONMENT/NON SUPPORT",18
"13","CRIMINAL MISCHIEF & RELATED OF",23530
"13","CRIMINAL TRESPASS",3832
"13","DANGEROUS DRUGS",20362
"13","DANGEROUS WEAPONS",5937
"13","DISORDERLY CONDUCT",58
"13","DISRUPTION OF A RELIGIOUS SERV",7
"13","ENDAN WELFARE INCOMP",10
"13","ESCAPE 3",10
"13","FELONY ASSAULT",9082
"13","FELONY SEX CRIMES",1
"13","FORGERY",4370
"13","FORTUNE TELLING",2
"13","FRAUDS",2025
"13","FRAUDULENT ACCOSTING",291
"13","GAMBLING",135
"13","GRAND LARCENY",31580
"13","GRAND LARCENY OF MOTOR VEHICLE",3513
"13","HARRASSMENT 2",46362
"13","HOMICIDE-NEGLIGENT-VEHICLE",1
"13","HOMICIDE-NEGLIGENT,UNCLASSIFIE",10
"13","INTOXICATED & IMPAIRED DRIVING",400
"13","JOSTLING",18
"13","KIDNAPPING",3
"13","KIDNAPPING & RELATED OFFENSES",107
"13","LOITERING",2
"13","LOITERING FOR DRUG PURPOSES",4
"13","LOITERING/GAMBLING (CARDS, DIC",4
"13","MISCELLANEOUS PENAL LAW",7877
"13","MURDER & NON-NEGL. MANSLAUGHTER",161
"13","NEW YORK CITY HEALTH CODE",7
"13","NYS LAWS-UNCLASSIFIED FELONY",206
"13","NYS LAWS-UNCLASSIFIED VIOLATION",2
"13","OFF. AGNST PUB ORD SENSBLTY &",19103
"13","OFFENSES AGAINST PUBLIC ADMINI",5983
"13","OFFENSES AGAINST PUBLIC SAFETY",43
"13","OFFENSES AGAINST THE PERSON",767
"13","OFFENSES INVOLVING FRAUD",2478
"13","OFFENSES RELATED TO CHILDREN",61
"13","OTHER OFFENSES RELATED TO THEF",526
"13","OTHER STATE LAWS",13
"13","OTHER STATE LAWS (NON PENAL LA",564
"13","PETIT LARCENY",68773
"13","PETIT LARCENY OF MOTOR VEHICLE",33
"13","POSSESSION OF STOLEN PROPERTY",2441
"13","PROSTITUTION & RELATED OFFENSES",21
"13","RAPE",461
"13","ROBBERY",8763
"13","SEX CRIMES",2981
"13","THEFT-FRAUD",3624
"13","THEFT OF SERVICES",450
"13","UNAUTHORIZED USE OF A VEHICLE",762
"13","UNLAWFUL POSS. WEAP. ON SCHOOL",4
"13","VEHICLE AND TRAFFIC LAWS",3576
"14","",1113
"14","ADMINISTRATIVE CODE",771
"14","AGRICULTURE & MRKTS LAW-UNCLASSIFIED",24
"14","ALCOHOLIC BEVERAGE CONTROL LAW",20
"14","ANTICIPATORY OFFENSES",8
"14","ARSON",503
"14","ASSAULT 3 & RELATED OFFENSES",34183
"14","BURGLAR'S TOOLS",223
"14","BURGLARY",11315
"14","CHILD ABANDONMENT/NON SUPPORT",18
"14","CRIMINAL MISCHIEF & RELATED OF",26099
"14","CRIMINAL TRESPASS",3856
"14","DANGEROUS DRUGS",22818
"14","DANGEROUS WEAPONS",7145
"14","DISORDERLY CONDUCT",62
"14","DISRUPTION OF A RELIGIOUS SERV",2
"14","ENDAN WELFARE INCOMP",15
"14","ESCAPE 3",15
"14","FELONY ASSAULT",10480
"14","FORGERY",4736
"14","FRAUDS",2117
"14","FRAUDULENT ACCOSTING",282
"14","GAMBLING",145
"14","GRAND LARCENY",35000
"14","GRAND LARCENY OF MOTOR VEHICLE",3894
"14","HARRASSMENT 2",53031
"14","HOMICIDE-NEGLIGENT,UNCLASSIFIE",12
"14","INTOXICATED & IMPAIRED DRIVING",490
"14","JOSTLING",30
"14","KIDNAPPING",5
"14","KIDNAPPING & RELATED OFFENSES",157
"14","LOITERING",4
"14","LOITERING FOR DRUG PURPOSES",3
"14","LOITERING/GAMBLING (CARDS, DIC",7
"14","MISCELLANEOUS PENAL LAW",8652
"14","MURDER & NON-NEGL. MANSLAUGHTER",181
"14","NEW YORK CITY HEALTH CODE",8
"14","NYS LAWS-UNCLASSIFIED FELONY",201
"14","NYS LAWS-UNCLASSIFIED VIOLATION",3
"14","OFF. AGNST PUB ORD SENSBLTY &",20160
"14","OFFENSES AGAINST PUBLIC ADMINI",6780
"14","OFFENSES AGAINST PUBLIC SAFETY",54
"14","OFFENSES AGAINST THE PERSON",926
"14","OFFENSES INVOLVING FRAUD",2709
"14","OFFENSES RELATED TO CHILDREN",64
"14","OTHER OFFENSES RELATED TO THEF",619
"14","OTHER STATE LAWS",10
"14","OTHER STATE LAWS (NON PENAL LA",643
"14","OTHER TRAFFIC INFRACTION",1
"14","PETIT LARCENY",76921
"14","PETIT LARCENY OF MOTOR VEHICLE",45
"14","POSSESSION OF STOLEN PROPERTY",2677
"14","PROSTITUTION & RELATED OFFENSES",33
"14","RAPE",553
"14","ROBBERY",11808
"14","SEX CRIMES",3641
"14","THEFT-FRAUD",3752
"14","THEFT OF SERVICES",448
"14","UNAUTHORIZED USE OF A VEHICLE",906
"14","UNLAWFUL POSS. WEAP. ON SCHOOL",6
"14","VEHICLE AND TRAFFIC LAWS",4127
"15","",1228
"15","ADMINISTRATIVE CODE",906
"15","AGRICULTURE & MRKTS LAW-UNCLASSIFIED",37
"15","ALCOHOLIC BEVERAGE CONTROL LAW",27
"15","ANTICIPATORY OFFENSES",10
"15","ARSON",531
"15","ASSAULT 3 & RELATED OFFENSES",41734
"15","BURGLAR'S TOOLS",230
"15","BURGLARY",11618
"15","CHILD ABANDONMENT/NON SUPPORT",27
"15","CRIMINAL MISCHIEF & RELATED OF",32533
"15","CRIMINAL TRESPASS",3767
"15","DANGEROUS DRUGS",22889
"15","DANGEROUS WEAPONS",7558
"15","DISORDERLY CONDUCT",76
"15","DISRUPTION OF A RELIGIOUS SERV",2
"15","ENDAN WELFARE INCOMP",23
"15","ESCAPE 3",12
"15","FELONY ASSAULT",12384
"15","FELONY SEX CRIMES",1
"15","FORGERY",4906
"15","FORTUNE TELLING",2
"15","FRAUDS",2544
"15","FRAUDULENT ACCOSTING",330
"15","GAMBLING",156
"15","GRAND LARCENY",39788
"15","GRAND LARCENY OF MOTOR VEHICLE",4830
"15","HARRASSMENT 2",58665
"15","HOMICIDE-NEGLIGENT-VEHICLE",2
"15","HOMICIDE-NEGLIGENT,UNCLASSIFIE",5
"15","INTOXICATED & IMPAIRED DRIVING",601
"15","INTOXICATED/IMPAIRED DRIVING",1
"15","JOSTLING",23
"15","KIDNAPPING",3
"15","KIDNAPPING & RELATED OFFENSES",178
"15","LOITERING",1
"15","LOITERING FOR DRUG PURPOSES",1
"15","LOITERING/GAMBLING (CARDS, DIC",18
"15","MISCELLANEOUS PENAL LAW",9033
"15","MURDER & NON-NEGL. MANSLAUGHTER",201
"15","NEW YORK CITY HEALTH CODE",7
"15","NYS LAWS-UNCLASSIFIED FELONY",903
"15","OFF. AGNST PUB ORD SENSBLTY &",22843
"15","OFFENSES AGAINST PUBLIC ADMINI",7284
"15","OFFENSES AGAINST PUBLIC SAFETY",45
"15","OFFENSES AGAINST THE PERSON",968
"15","OFFENSES INVOLVING FRAUD",2481
"15","OFFENSES RELATED TO CHILDREN",56
"15","OTHER OFFENSES RELATED TO THEF",640
"15","OTHER STATE LAWS",17
"15","OTHER STATE LAWS (NON PENAL LA",991
"15","OTHER TRAFFIC INFRACTION",1
"15","PETIT LARCENY",83165
"15","PETIT LARCENY OF MOTOR VEHICLE",38
"15","POSSESSION OF STOLEN PROPERTY",2646
"15","PROSTITUTION & RELATED OFFENSES",29
"15","RAPE",766
"15","ROBBERY",15595
"15","SEX CRIMES",4712
"15","THEFT-FRAUD",4545
"15","THEFT OF SERVICES",492
"15","UNAUTHORIZED USE OF A VEHICLE",1058
"15","UNLAWFUL POSS. WEAP. ON SCHOOL",1
"15","VEHICLE AND TRAFFIC LAWS",4706
"16","",1170
"16","ADMINISTRATIVE CODE",863
"16","ADMINISTRATIVE CODES",1
"16","AGRICULTURE & MRKTS LAW-UNCLASSIFIED",29
"16","ALCOHOLIC BEVERAGE CONTROL LAW",31
"16","ANTICIPATORY OFFENSES",5
"16","ARSON",576
"16","ASSAULT 3 & RELATED OFFENSES",37584
"16","BURGLAR'S TOOLS",226
"16","BURGLARY",11509
"16","CHILD ABANDONMENT/NON SUPPORT",22
"16","CRIMINAL MISCHIEF & RELATED OF",33736
"16","CRIMINAL TRESPASS",4041
"16","DANGEROUS DRUGS",25751
"16","DANGEROUS WEAPONS",8312
"16","DISORDERLY CONDUCT",55
"16","DISRUPTION OF A RELIGIOUS SERV",3
"16","ENDAN WELFARE INCOMP",15
"16","ESCAPE 3",13
"16","FELONY ASSAULT",12194
"16","FELONY SEX CRIMES",1
"16","FORGERY",5036
"16","FRAUDS",2092
"16","FRAUDULENT ACCOSTING",299
"16","GAMBLING",198
"16","GRAND LARCENY",35956
"16","GRAND LARCENY OF MOTOR VEHICLE",5427
"16","HARRASSMENT 2",51742
"16","HOMICIDE-NEGLIGENT-VEHICLE",1
"16","HOMICIDE-NEGLIGENT,UNCLASSIFIE",9
"16","INTOXICATED & IMPAIRED DRIVING",913
"16","JOSTLING",29
"16","KIDNAPPING",5
"16","KIDNAPPING & RELATED OFFENSES",186
"16","KIDNAPPING AND RELATED OFFENSES",1
"16","LOITERING",2
"16","LOITERING FOR DRUG PURPOSES",3
"16","LOITERING/GAMBLING (CARDS, DIC",9
"16","MISCELLANEOUS PENAL LAW",9489
"16","MURDER & NON-NEGL. MANSLAUGHTER",173
"16","NEW YORK CITY HEALTH CODE",6
"16","NYS LAWS-UNCLASSIFIED FELONY",235
"16","NYS LAWS-UNCLASSIFIED VIOLATION",3
"16","OFF. AGNST PUB ORD SENSBLTY &",19640
"16","OFFENSES AGAINST PUBLIC ADMINI",7406
"16","OFFENSES AGAINST PUBLIC SAFETY",67
"16","OFFENSES AGAINST THE PERSON",1073
"16","OFFENSES INVOLVING FRAUD",2262
"16","OFFENSES RELATED TO CHILDREN",38
"16","OTHER OFFENSES RELATED TO THEF",677
"16","OTHER STATE LAWS",12
"16","OTHER STATE LAWS (NON PENAL LA",626
"16","PETIT LARCENY",82821
"16","PETIT LARCENY OF MOTOR VEHICLE",51
"16","POSSESSION OF STOLEN PROPERTY",2719
"16","PROSTITUTION & RELATED OFFENSES",32
"16","RAPE",751
"16","ROBBERY",13656
"16","SEX CRIMES",4370
"16","THEFT-FRAUD",3005
"16","THEFT OF SERVICES",381
"16","UNAUTHORIZED USE OF A VEHICLE",884
"16","UNLAWFUL POSS. WEAP. ON SCHOOL",1
"16","VEHICLE AND TRAFFIC LAWS",4888
"17","",1061
"17","ADMINISTRATIVE CODE",817
"17","ADMINISTRATIVE CODES",1
"17","AGRICULTURE & MRKTS LAW-UNCLASSIFIED",33
"17","ALCOHOLIC BEVERAGE CONTROL LAW",44
"17","ANTICIPATORY OFFENSES",5
"17","ARSON",667
"17","ASSAULT 3 & RELATED OFFENSES",37455
"17","BURGLAR'S TOOLS",174
"17","BURGLARY",12618
"17","CHILD ABANDONMENT/NON SUPPORT",25
"17","CRIMINAL MISCHIEF & RELATED OF",35905
"17","CRIMINAL TRESPASS",4229
"17","DANGEROUS DRUGS",26234
"17","DANGEROUS WEAPONS",8156
"17","DISORDERLY CONDUCT",68
"17","DISRUPTION OF A RELIGIOUS SERV",2
"17","ENDAN WELFARE INCOMP",10
"17","ESCAPE 3",7
"17","FELONY ASSAULT",12657
"17","FORGERY",4697
"17","FORTUNE TELLING",2
"17","FRAUDS",1879
"17","FRAUDULENT ACCOSTING",256
"17","GAMBLING",235
"17","GRAND LARCENY",36093
"17","GRAND LARCENY OF MOTOR VEHICLE",6524
"17","HARRASSMENT 2",51319
"17","HOMICIDE-NEGLIGENT-VEHICLE",2
"17","HOMICIDE-NEGLIGENT,UNCLASSIFIE",7
"17","INTOXICATED & IMPAIRED DRIVING",1163
"17","INTOXICATED/IMPAIRED DRIVING",1
"17","JOSTLING",34
"17","KIDNAPPING",2
"17","KIDNAPPING & RELATED OFFENSES",186
"17","LOITERING",1
"17","LOITERING FOR DRUG PURPOSES",2
"17","LOITERING/GAMBLING (CARDS, DIC",8
"17","MISCELLANEOUS PENAL LAW",9514
"17","MURDER & NON-NEGL. MANSLAUGHTER",238
"17","NEW YORK CITY HEALTH CODE",3
"17","NYS LAWS-UNCLASSIFIED FELONY",484
"17","NYS LAWS-UNCLASSIFIED VIOLATION",4
"17","OFF. AGNST PUB ORD SENSBLTY &",19538
"17","OFFENSES AGAINST MARRIAGE UNCL",1
"17","OFFENSES AGAINST PUBLIC ADMINI",7207
"17","OFFENSES AGAINST PUBLIC SAFETY",58
"17","OFFENSES AGAINST THE PERSON",1130
"17","OFFENSES INVOLVING FRAUD",1702
"17","OFFENSES RELATED TO CHILDREN",69
"17","OTHER OFFENSES RELATED TO THEF",668
"17","OTHER STATE LAWS",15
"17","OTHER STATE LAWS (NON PENAL LA",506
"17","PETIT LARCENY",82244
"17","PETIT LARCENY OF MOTOR VEHICLE",63
"17","POSSESSION OF STOLEN PROPERTY",2537
"17","PROSTITUTION & RELATED OFFENSES",35
"17","RAPE",593
"17","ROBBERY",12592
"17","SEX CRIMES",4246
"17","THEFT-FRAUD",2588
"17","THEFT OF SERVICES",285
"17","UNAUTHORIZED USE OF A VEHICLE",1033
"17","VEHICLE AND TRAFFIC LAWS",5149
"18","",1012
"18","ADMINISTRATIVE CODE",904
"18","ADMINISTRATIVE CODES",1
"18","AGRICULTURE & MRKTS LAW-UNCLASSIFIED",34
"18","ALCOHOLIC BEVERAGE CONTROL LAW",69
"18","ANTICIPATORY OFFENSES",8
"18","ARSON",679
"18","ASSAULT 3 & RELATED OFFENSES",38838
"18","BURGLAR'S TOOLS",184
"18","BURGLARY",12162
"18","CHILD ABANDONMENT/NON SUPPORT",26
"18","CRIMINAL MISCHIEF & RELATED OF",40542
"18","CRIMINAL TRESPASS",4481
"18","DANGEROUS DRUGS",28045
"18","DANGEROUS WEAPONS",8987
"18","DISORDERLY CONDUCT",49
"18","DISRUPTION OF A RELIGIOUS SERV",1
"18","ENDAN WELFARE INCOMP",14
"18","ESCAPE 3",17
"18","FELONY ASSAULT",13098
"18","FORGERY",4047
"18","FORTUNE TELLING",1
"18","FRAUDS",1753
"18","FRAUDULENT ACCOSTING",252
"18","GAMBLING",246
"18","GRAND LARCENY",35421
"18","GRAND LARCENY OF MOTOR VEHICLE",8170
"18","HARRASSMENT 2",52348
"18","HOMICIDE-NEGLIGENT-VEHICLE",10
"18","HOMICIDE-NEGLIGENT,UNCLASSIFIE",13
"18","INTOXICATED & IMPAIRED DRIVING",1499
"18","INTOXICATED/IMPAIRED DRIVING",2
"18","JOSTLING",33
"18","KIDNAPPING",6
"18","KIDNAPPING & RELATED OFFENSES",185
"18","LOITERING FOR DRUG PURPOSES",3
"18","LOITERING/GAMBLING (CARDS, DIC",15
"18","MISCELLANEOUS PENAL LAW",10108
"18","MURDER & NON-NEGL. MANSLAUGHTER",271
"18","NEW YORK CITY HEALTH CODE",4
"18","NYS LAWS-UNCLASSIFIED FELONY",253
"18","NYS LAWS-UNCLASSIFIED VIOLATION",4
"18","OFF. AGNST PUB ORD SENSBLTY &",19643
"18","OFFENSES AGAINST MARRIAGE UNCL",1
"18","OFFENSES AGAINST PUBLIC ADMINI",7585
"18","OFFENSES AGAINST PUBLIC SAFETY",43
"18","OFFENSES AGAINST THE PERSON",1171
"18","OFFENSES INVOLVING FRAUD",1458
"18","OFFENSES RELATED TO CHILDREN",52
"18","OTHER OFFENSES RELATED TO THEF",752
"18","OTHER STATE LAWS",13
"18","OTHER STATE LAWS (NON PENAL LA",369
"18","OTHER TRAFFIC INFRACTION",2
"18","PETIT LARCENY",79972
"18","PETIT LARCENY OF MOTOR VEHICLE",64
"18","POSSESSION OF STOLEN PROPERTY",2155
"18","PROSTITUTION & RELATED OFFENSES",42
"18","RAPE",709
"18","ROBBERY",12620
"18","SEX CRIMES",4293
"18","THEFT-FRAUD",2389
"18","THEFT OF SERVICES",222
"18","UNAUTHORIZED USE OF A VEHICLE",1057
"18","UNDER THE INFLUENCE OF DRUGS",1
"18","UNLAWFUL POSS. WEAP. ON SCHOOL",1
"18","VEHICLE AND TRAFFIC LAWS",5053
"19","",972
"19","ABORTION",2
"19","ADMINISTRATIVE CODE",789
"19","ADMINISTRATIVE CODES",1
"19","AGRICULTURE & MRKTS LAW-UNCLASSIFIED",24
"19","ALCOHOLIC BEVERAGE CONTROL LAW",89
"19","ANTICIPATORY OFFENSES",2
"19","ARSON",780
"19","ASSAULT 3 & RELATED OFFENSES",38764
"19","BURGLAR'S TOOLS",182
"19","BURGLARY",10802
"19","CHILD ABANDONMENT/NON SUPPORT",30
"19","CRIMINAL MISCHIEF & RELATED OF",39208
"19","CRIMINAL TRESPASS",5618
"19","DANGEROUS DRUGS",33918
"19","DANGEROUS WEAPONS",10309
"19","DISORDERLY CONDUCT",60
"19","DISRUPTION OF A RELIGIOUS SERV",3
"19","ENDAN WELFARE INCOMP",9
"19","ESCAPE 3",10
"19","FELONY ASSAULT",13535
"19","FORGERY",3874
"19","FRAUDS",1602
"19","FRAUDULENT ACCOSTING",217
"19","GAMBLING",303
"19","GRAND LARCENY",30454
"19","GRAND LARCENY OF MOTOR VEHICLE",8361
"19","HARRASSMENT 2",49232
"19","HOMICIDE-NEGLIGENT-VEHICLE",5
"19","HOMICIDE-NEGLIGENT,UNCLASSIFIE",7
"19","INTOXICATED & IMPAIRED DRIVING",1909
"19","INTOXICATED/IMPAIRED DRIVING",4
"19","JOSTLING",13
"19","KIDNAPPING",2
"19","KIDNAPPING & RELATED OFFENSES",160
"19","LOITERING",3
"19","LOITERING FOR DRUG PURPOSES",2
"19","LOITERING/GAMBLING (CARDS, DIC",21
"19","MISCELLANEOUS PENAL LAW",9887
"19","MURDER & NON-NEGL. MANSLAUGHTER",269
"19","NEW YORK CITY HEALTH CODE",6
"19","NYS LAWS-UNCLASSIFIED FELONY",268
"19","NYS LAWS-UNCLASSIFIED VIOLATION",4
"19","OFF. AGNST PUB ORD SENSBLTY &",18443
"19","OFFENSES AGAINST PUBLIC ADMINI",7553
"19","OFFENSES AGAINST PUBLIC SAFETY",78
"19","OFFENSES AGAINST THE PERSON",1201
"19","OFFENSES INVOLVING FRAUD",1079
"19","OFFENSES RELATED TO CHILDREN",91
"19","OTHER OFFENSES RELATED TO THEF",719
"19","OTHER STATE LAWS",13
"19","OTHER STATE LAWS (NON PENAL LA",372
"19","OTHER TRAFFIC INFRACTION",1
"19","PETIT LARCENY",69817
"19","PETIT LARCENY OF MOTOR VEHICLE",58
"19","POSSESSION OF STOLEN PROPERTY",1964
"19","PROSTITUTION & RELATED OFFENSES",43
"19","RAPE",589
"19","ROBBERY",13208
"19","SEX CRIMES",3326
"19","THEFT-FRAUD",1733
"19","THEFT OF SERVICES",151
"19","UNAUTHORIZED USE OF A VEHICLE",875
"19","UNLAWFUL POSS. WEAP. ON SCHOOL",1
"19","VEHICLE AND TRAFFIC LAWS",4952
"20","",821
"20","ABORTION",1
"20","ADMINISTRATIVE CODE",851
"20","AGRICULTURE & MRKTS LAW-UNCLASSIFIED",20
"20","ALCOHOLIC BEVERAGE CONTROL LAW",107
"20","ANTICIPATORY OFFENSES",2
"20","ARSON",913
"20","ASSAULT 3 & RELATED OFFENSES",40334
"20","BURGLAR'S TOOLS",137
"20","BURGLARY",9850
"20","CHILD ABANDONMENT/NON SUPPORT",29
"20","CRIMINAL MISCHIEF & RELATED OF",43146
"20","CRIMINAL TRESPASS",5744
"20","DANGEROUS DRUGS",34118
"20","DANGEROUS WEAPONS",10815
"20","DISORDERLY CONDUCT",58
"20","DISRUPTION OF A RELIGIOUS SERV",3
"20","ENDAN WELFARE INCOMP",16
"20","ESCAPE 3",12
"20","FELONY ASSAULT",14323
"20","FELONY SEX CRIMES",1
"20","FORGERY",3295
"20","FORTUNE TELLING",1
"20","FRAUDS",1524
"20","FRAUDULENT ACCOSTING",150
"20","GAMBLING",239
"20","GRAND LARCENY",26359
"20","GRAND LARCENY OF MOTOR VEHICLE",9404
"20","HARRASSMENT 2",48616
"20","HOMICIDE-NEGLIGENT-VEHICLE",2
"20","HOMICIDE-NEGLIGENT,UNCLASSIFIE",7
"20","INTOXICATED & IMPAIRED DRIVING",2408
"20","INTOXICATED/IMPAIRED DRIVING",3
"20","JOSTLING",14
"20","KIDNAPPING",1
"20","KIDNAPPING & RELATED OFFENSES",150
"20","LOITERING",1
"20","LOITERING/GAMBLING (CARDS, DIC",19
"20","MISCELLANEOUS PENAL LAW",10016
"20","MURDER & NON-NEGL. MANSLAUGHTER",292
"20","NEW YORK CITY HEALTH CODE",2
"20","NYS LAWS-UNCLASSIFIED FELONY",281
"20","NYS LAWS-UNCLASSIFIED VIOLATION",1
"20","OFF. AGNST PUB ORD SENSBLTY &",19227
"20","OFFENSES AGAINST PUBLIC ADMINI",7595
"20","OFFENSES AGAINST PUBLIC SAFETY",65
"20","OFFENSES AGAINST THE PERSON",1036
"20","OFFENSES INVOLVING FRAUD",804
"20","OFFENSES RELATED TO CHILDREN",179
"20","OTHER OFFENSES RELATED TO THEF",747
"20","OTHER STATE LAWS",19
"20","OTHER STATE LAWS (NON PENAL LA",259
"20","OTHER TRAFFIC INFRACTION",1
"20","PETIT LARCENY",61882
"20","PETIT LARCENY OF MOTOR VEHICLE",84
"20","POSSESSION OF STOLEN PROPERTY",1748
"20","PROSTITUTION & RELATED OFFENSES",58
"20","RAPE",802
"20","ROBBERY",14213
"20","SEX CRIMES",3591
"20","THEFT-FRAUD",1469
"20","THEFT OF SERVICES",119
"20","UNAUTHORIZED USE OF A VEHICLE",855
"20","VEHICLE AND TRAFFIC LAWS",4950
"21","",787
"21","ABORTION",1
"21","ADMINISTRATIVE CODE",736
"21","ADMINISTRATIVE CODES",2
"21","AGRICULTURE & MRKTS LAW-UNCLASSIFIED",17
"21","ALCOHOLIC BEVERAGE CONTROL LAW",116
"21","ANTICIPATORY OFFENSES",9
"21","ARSON",874
"21","ASSAULT 3 & RELATED OFFENSES",40305
"21","BURGLAR'S TOOLS",150
"21","BURGLARY",8497
"21","CHILD ABANDONMENT/NON SUPPORT",27
"21","CRIMINAL MISCHIEF & RELATED OF",39633
"21","CRIMINAL TRESPASS",5184
"21","DANGEROUS DRUGS",32591
"21","DANGEROUS WEAPONS",10943
"21","DISORDERLY CONDUCT",58
"21","DISRUPTION OF A RELIGIOUS SERV",3
"21","ENDAN WELFARE INCOMP",9
"21","ESCAPE 3",7
"21","FELONY ASSAULT",14647
"21","FORGERY",3040
"21","FORTUNE TELLING",1
"21","FRAUDS",1330
"21","FRAUDULENT ACCOSTING",108
"21","GAMBLING",246
"21","GRAND LARCENY",21442
"21","GRAND LARCENY OF MOTOR VEHICLE",9044
"21","HARRASSMENT 2",43522
"21","HOMICIDE-NEGLIGENT-VEHICLE",7
"21","HOMICIDE-NEGLIGENT,UNCLASSIFIE",4
"21","INTOXICATED & IMPAIRED DRIVING",3027
"21","INTOXICATED/IMPAIRED DRIVING",4
"21","JOSTLING",5
"21","KIDNAPPING & RELATED OFFENSES",101
"21","LOITERING/GAMBLING (CARDS, DIC",30
"21","MISCELLANEOUS PENAL LAW",9481
"21","MURDER & NON-NEGL. MANSLAUGHTER",363
"21","NEW YORK CITY HEALTH CODE",5
"21","NYS LAWS-UNCLASSIFIED FELONY",261
"21","NYS LAWS-UNCLASSIFIED VIOLATION",1
"21","OFF. AGNST PUB ORD SENSBLTY &",16963
"21","OFFENSES AGAINST PUBLIC ADMINI",7011
"21","OFFENSES AGAINST PUBLIC SAFETY",86
"21","OFFENSES AGAINST THE PERSON",1016
"21","OFFENSES INVOLVING FRAUD",630
"21","OFFENSES RELATED TO CHILDREN",207
"21","OTHER OFFENSES RELATED TO THEF",770
"21","OTHER STATE LAWS",16
"21","OTHER STATE LAWS (NON PENAL LA",213
"21","OTHER TRAFFIC INFRACTION",2
"21","PETIT LARCENY",48073
"21","PETIT LARCENY OF MOTOR VEHICLE",64
"21","POSSESSION OF STOLEN PROPERTY",1426
"21","PROSTITUTION & RELATED OFFENSES",94
"21","RAPE",734
"21","ROBBERY",14808
"21","SEX CRIMES",3137
"21","THEFT-FRAUD",955
"21","THEFT OF SERVICES",59
"21","UNAUTHORIZED USE OF A VEHICLE",822
"21","VEHICLE AND TRAFFIC LAWS",4460
"22","",793
"22","ADMINISTRATIVE CODE",654
"22","ADMINISTRATIVE CODES",5
"22","AGRICULTURE & MRKTS LAW-UNCLASSIFIED",15
"22","ALCOHOLIC BEVERAGE CONTROL LAW",104
"22","ANTICIPATORY OFFENSES",6
"22","ARSON",990
"22","ASSAULT 3 & RELATED OFFENSES",39156
"22","BURGLAR'S TOOLS",133
"22","BURGLARY",7860
"22","CHILD ABANDONMENT/NON SUPPORT",23
"22","CRIMINAL MISCHIEF & RELATED OF",41288
"22","CRIMINAL TRESPASS",4881
"22","DANGEROUS DRUGS",30684
"22","DANGEROUS WEAPONS",11744
"22","DISORDERLY CONDUCT",50
"22","DISRUPTION OF A RELIGIOUS SERV",1
"22","ENDAN WELFARE INCOMP",8
"22","ESCAPE 3",13
"22","FELONY ASSAULT",14887
"22","FORGERY",2945
"22","FORTUNE TELLING",1
"22","FRAUDS",1243
"22","FRAUDULENT ACCOSTING",125
"22","GAMBLING",217
"22","GRAND LARCENY",19271
"22","GRAND LARCENY OF MOTOR VEHICLE",9763
"22","HARRASSMENT 2",37461
"22","HOMICIDE-NEGLIGENT-VEHICLE",2
"22","HOMICIDE-NEGLIGENT,UNCLASSIFIE",13
"22","INTOXICATED & IMPAIRED DRIVING",4004
"22","INTOXICATED/IMPAIRED DRIVING",3
"22","JOSTLING",6
"22","KIDNAPPING & RELATED OFFENSES",116
"22","LOITERING",1
"22","LOITERING FOR DRUG PURPOSES",1
"22","LOITERING/DEVIATE SEX",3
"22","LOITERING/GAMBLING (CARDS, DIC",16
"22","MISCELLANEOUS PENAL LAW",8854
"22","MURDER & NON-NEGL. MANSLAUGHTER",391
"22","NEW YORK CITY HEALTH CODE",8
"22","NYS LAWS-UNCLASSIFIED FELONY",265
"22","NYS LAWS-UNCLASSIFIED VIOLATION",3
"22","OFF. AGNST PUB ORD SENSBLTY &",14775
"22","OFFENSES AGAINST PUBLIC ADMINI",6679
"22","OFFENSES AGAINST PUBLIC SAFETY",79
"22","OFFENSES AGAINST THE PERSON",959
"22","OFFENSES INVOLVING FRAUD",554
"22","OFFENSES RELATED TO CHILDREN",197
"22","OTHER OFFENSES RELATED TO THEF",757
"22","OTHER STATE LAWS",23
"22","OTHER STATE LAWS (NON PENAL LA",167
"22","OTHER STATE LAWS (NON PENAL LAW)",1
"22","OTHER TRAFFIC INFRACTION",2
"22","PETIT LARCENY",41712
"22","PETIT LARCENY OF MOTOR VEHICLE",80
"22","POSSESSION OF STOLEN PROPERTY",1332
"22","PROSTITUTION & RELATED OFFENSES",119
"22","RAPE",888
"22","ROBBERY",14368
"22","SEX CRIMES",2944
"22","THEFT-FRAUD",760
"22","THEFT OF SERVICES",38
"22","UNAUTHORIZED USE OF A VEHICLE",850
"22","VEHICLE AND TRAFFIC LAWS",4010
"23","",696
"23","ABORTION",1
"23","ADMINISTRATIVE CODE",559
"23","AGRICULTURE & MRKTS LAW-UNCLASSIFIED",17
"23","ALCOHOLIC BEVERAGE CONTROL LAW",114
"23","ANTICIPATORY OFFENSES",9
"23","ARSON",1008
"23","ASSAULT 3 & RELATED OFFENSES",38339
"23","BURGLAR'S TOOLS",128
"23","BURGLARY",8162
"23","CHILD ABANDONMENT/NON SUPPORT",18
"23","CRIMINAL MISCHIEF & RELATED OF",38581
"23","CRIMINAL TRESPASS",4225
"23","DANGEROUS DRUGS",25060
"23","DANGEROUS WEAPONS",11013
"23","DISORDERLY CONDUCT",58
"23","DISRUPTION OF A RELIGIOUS SERV",2
"23","ENDAN WELFARE INCOMP",7
"23","ESCAPE 3",8
"23","FELONY ASSAULT",15062
"23","FORGERY",2778
"23","FRAUDS",1191
"23","FRAUDULENT ACCOSTING",81
"23","GAMBLING",177
"23","GRAND LARCENY",18880
"23","GRAND LARCENY OF MOTOR VEHICLE",9150
"23","HARRASSMENT 2",31081
"23","HOMICIDE-NEGLIGENT-VEHICLE",5
"23","HOMICIDE-NEGLIGENT,UNCLASSIFIE",4
"23","INTOXICATED & IMPAIRED DRIVING",5786
"23","INTOXICATED/IMPAIRED DRIVING",1
"23","JOSTLING",4
"23","KIDNAPPING & RELATED OFFENSES",118
"23","LOITERING",1
"23","LOITERING FOR DRUG PURPOSES",1
"23","LOITERING/GAMBLING (CARDS, DIC",28
"23","MISCELLANEOUS PENAL LAW",8004
"23","MURDER & NON-NEGL. MANSLAUGHTER",362
"23","NEW YORK CITY HEALTH CODE",5
"23","NYS LAWS-UNCLASSIFIED FELONY",216
"23","NYS LAWS-UNCLASSIFIED VIOLATION",1
"23","OFF. AGNST PUB ORD SENSBLTY &",13086
"23","OFFENSES AGAINST PUBLIC ADMINI",6015
"23","OFFENSES AGAINST PUBLIC SAFETY",84
"23","OFFENSES AGAINST THE PERSON",877
"23","OFFENSES INVOLVING FRAUD",481
"23","OFFENSES RELATED TO CHILDREN",215
"23","OTHER OFFENSES RELATED TO THEF",790
"23","OTHER STATE LAWS",18
"23","OTHER STATE LAWS (NON PENAL LA",144
"23","OTHER STATE LAWS (NON PENAL LAW)",1
"23","OTHER TRAFFIC INFRACTION",1
"23","PETIT LARCENY",36235
"23","PETIT LARCENY OF MOTOR VEHICLE",108
"23","POSSESSION OF STOLEN PROPERTY",1230
"23","PROSTITUTION & RELATED OFFENSES",122
"23","RAPE",1074
"23","ROBBERY",14142
"23","SEX CRIMES",2854
"23","THEFT-FRAUD",651
"23","THEFT OF SERVICES",36
"23","UNAUTHORIZED USE OF A VEHICLE",953
"23","VEHICLE AND TRAFFIC LAWS",3649
NA,"ASSAULT 3 & RELATED OFFENSES",1
NA,"BURGLARY",1
NA,"CRIMINAL MISCHIEF & RELATED OF",14
NA,"DANGEROUS DRUGS",1
NA,"DANGEROUS WEAPONS",1
NA,"GRAND LARCENY",4
NA,"GRAND LARCENY OF MOTOR VEHICLE",3
NA,"HARRASSMENT 2",5
NA,"INTOXICATED & IMPAIRED DRIVING",1
NA,"OFF. AGNST PUB ORD SENSBLTY &",4
NA,"PETIT LARCENY",11
NA,"THEFT-FRAUD",1
NA,NA,655
"00","all",324741
"01","all",233061
"02","all",188598
"03","all",158649
"04","all",138928
"05","all",97935
"06","all",100965
"07","all",143427
"08","all",231165
"09","all",253643
"10","all",264903
"11","all",271448
"12","all",377204
"13","all",322842
"14","all",364511
"15","all",410870
"16","all",393311
"17","all",395081
"18","all",403462
"19","all",387977
"20","all",383789
"21","all",348164
"22","all",329301
"23","all",303707
NA,"all",702
